0,1,2
-6.287378422170062,22.921783031571294,-8.108024731222876
-4.626257004529528,4.207322175492411,-10.355000038031443
-1.863720925656168,11.382784820474294,-10.457424475761353
-1.1633043314190603,3.0956817990989585,-10.101739857592023
0.6499696891820343,4.614551426628566,-10.768728839862657
1.9821440082082573,3.3757834947846996,-11.378471539472624
2.9535312010372903,2.478352734566875,-11.805539987128844
3.6779096919052807,1.7786261613992314,-12.084649445994682
2.845820992604478,1.3308871576896553,-11.683906449738156
3.3279984557784226,0.9321269616217498,-11.814350147822873
3.952924329407705,0.643601735441941,-12.0636266486528
3.0469654837309905,0.5024130095228587,-11.668830731629663
3.4749961748928246,0.32711021878796265,-11.834530781293362
4.060578120871429,0.20186606963047415,-12.066684491468022
3.125727926210433,0.18019684366764985,-11.671072531067765
3.53259912183613,0.09164862993264218,-11.850014683935832
4.102783382971159,0.029936339690284912,-12.07280575635924
3.156618820277555,0.05479842756300683,-11.67554504669047
3.555199540607725,-0.00011421046514192151,-11.85942344267838
4.119350990723805,-0.03706950135837925,-12.077374473876365
3.168748774773536,0.005931906104450699,-11.678881101722837
3.5640769938827725,-0.03597752456803713,-11.86458496471783
1.7320166582422516,-0.4233073332397721,-10.91763635423075
1.4712900842392782,-1.1392602980934123,-11.19381531909622
1.0479120197110747,-0.8413332164327433,-11.002280121436147
0.71421863761183,-0.6125686712055364,-10.795479207578659
-2.5116656482646835,-0.4354349088201305,-9.69075646158744
-1.8579266416980285,-0.3407276868550117,-9.905190039790401
-1.393263250055903,-0.25273435896574964,-10.00401027349329
-0.8752755049143792,-0.15704744257944725,-10.188257811937696
0.8842569359734529,-0.1490777957745565,-10.902577962021956
0.5309125060271007,-0.11782241302251004,-10.696329700830198
1.9108192274492144,-0.1261886146429576,-11.27088965995845
-1.6986677962408894,-0.09061967982022984,-9.9383452369348
-4.231140919286795,-0.05702971755220328,-8.978089294000247
-1.5644382550998333,-0.08028882783566027,-10.000973793199805
-4.2353610641198784,-0.05780656896618715,-8.99898976081122
-6.083127104771755,-0.03326313825338065,-8.283173682011299
-2.9158889999218327,-0.06294009047783415,-9.486758286014496
-5.221958353000247,-0.0451893126550911,-8.618089730070196
-6.803428682492072,-0.024063260047218826,-8.001035295191858
-3.4415040230618392,-0.056227413185713976,-9.27772092335326
-5.605696918250779,-0.040300872589098063,-8.463037287063097
-7.083606786307828,-0.020496711546408527,-7.886033599501657
-3.645949252268996,-0.05362502994475227,-9.192403348684445
-5.754960855387002,-0.03840745144834941,-8.399665549670079
-7.192597431655798,-0.019116208239152298,-7.838966377474198
-3.725477247846009,-0.05261751778744868,-9.157437621257367
-5.813022866965628,-0.03767633023998855,-8.37365723211075
-7.234999259723717,-0.01858417725918402,-7.819622051581185
-3.9233451738453136,-0.05225106225952239,-14.904337070442697
-1.3721871393699634,-0.02853226572933314,-14.912007492571083
0.6290003230958816,-0.00592435232283017,-10.322568475523218
1.9675237961601255,-0.04374539391344763,-11.659748051849846
1.4026183644171735,-0.053630517250075685,-13.683936749316208
-2.0798179311340013,-0.026814579799741913,-10.587405756963367
-4.391820375467678,-0.010615018701405288,-9.104503322364046
-1.725866839769104,0.0008321504012872745,-11.21133498617288
0.27483096938765783,-0.04030787592591012,-11.41035392708759
-2.940966324681409,-0.028047282330925898,-9.99454393671727
-5.147488438909438,-0.011253314098050422,-8.987790410819896
-2.2285809782122765,-0.04693062780420097,-9.984157007967784
-4.729251106512821,-0.03352116893680972,-8.968039846188129
-6.452289041444358,-0.015506378990193498,-8.246893423442126
-3.181058453860474,-0.050027420895501364,-9.449667301872331
-5.424100844326175,-0.03580166612490219,-8.582938518969092
-6.959221175195951,-0.017185144022644268,-7.969506704372661
-3.5511222264098876,-0.051249614929074726,-9.249991413939663
-5.69406613970433,-0.03669217751533499,-8.439419720514715
-7.156166572977929,-0.01783799799254329,-7.866391906914552
-3.694898259540703,-0.05172463618635244,-9.175964331151226
-5.798944215879006,-0.03703846188354819,-8.38637389959414
-7.2326742591478315,-0.018092328895620523,-7.828400436943117
-3.7507532004580724,-0.051909446442668455,-9.14878262924329
-5.839682888387807,-0.03717393097831148,-8.366971765388309
-7.262392394891062,-0.018192374957688832,-7.814560795929322
-3.7724500350006216,-0.05198194896128175,-9.13892426698572
-5.855504545931469,-0.03722784726208739,-8.35997062134535
-7.27393474735876,-0.01823268988677122,-7.809593222177578
-3.7808773729314376,-0.052010999200301486,-9.135406354331858
-5.861647454902142,-0.03725018202458878,-8.35748946179426
-7.278417351627404,-0.01824983114878661,-7.807845243774843
-3.78415041531885,-0.05202320952340105,-9.13417843592708
-5.864031261062842,-0.03726023516864524,-8.356631896495841
-7.2801581829644135,-0.018257924870359387,-7.80724706652434
-3.7854216000721603,-0.052028858210370274,-9.133763149614845
-3.1836583295496625,-0.9836511390634777,-8.859934682705429
-1.6187775657118515,-1.6770311452079771,-9.002640883760298
-1.2095941754036144,-1.2311392705772453,-9.40280420503957
-3.928194588158062,-0.8736167090963556,-8.701203359505044
-2.890797349618894,-0.6606270580020552,-9.183240342700987
-2.1511093772796115,-0.4860882993220258,-9.47520945147968
-4.586746320982071,-0.3549458584819607,-8.694327047823936
-6.3453260665356055,-0.24988640695827083,-8.109406895821994
-3.104390911052669,-0.22102988030324736,-9.39631727936393
-5.366193705434095,-0.16047278157267972,-8.581493042071799
-6.915359830910102,-0.10817023540382689,-7.9961230416767615
-3.519730569088835,-0.11764086106398887,-9.290270010804525
-5.670329662720013,-0.08507920782466724,-8.4854445434898
-7.138109448495775,-0.05314510578646796,-7.912264241988635
-3.6819943216232276,-0.07748984369688493,-9.218694933478528
-5.789187492894729,-0.05579940938055597,-8.424933069272944
-7.225206027623011,-0.031773587012685414,-7.861994797667373
-3.745424316943252,-0.06189530232681534,-9.177404341012448
-5.835668093367519,-0.04443013454213319,-8.391127388852514
-7.259287907001113,-0.02347599490153503,-7.834612313330586
-3.770238073997172,-0.055840470255061406,-9.155377762900022
-5.9887354460558555,-0.04957107098155499,-5.222021622083409
-5.681203881629822,-0.07644155375048035,-5.678586816484804
-2.6234042219933666,-0.08210501394118747,-7.6954509506879445
-2.0220757279001393,-0.07031850268005746,-8.358008036503552
-1.6809552135738959,-0.068200958987563,-8.55428032930885
-26.80242500668558,0.031735648186502985,-6.897899395270333
-290.4660971029747,1.7312587704473643,-28.93211146476523
-429.16587566194175,2.631847155177019,-45.45434086709919
-329.95329841992316,1.8905179878162328,-31.212022325580435
-465.7938534045607,2.9294898741342115,-21.88171300576795
-340.6728003243631,2.2466989013075995,-18.775856349042826
-246.93936810721968,1.8852937836080148,-17.926674925310927
-183.34575864197268,1.3814444613323342,-13.182196100025507
-131.37303284475283,0.9944457615057056,-15.471483917135327
-94.84347980825132,0.6937768899086457,-13.770335248898345
-72.72902534593551,0.5625309649891959,-10.172518415104626
-50.60981664582194,0.38602722654496424,-13.348687645351575
-35.899903925038245,0.24924597771261817,-12.218575171873788
-29.709730152403537,0.23960340704724958,-9.039314232800237
-19.21235164613102,0.1493162494714907,-12.522076511225865
-12.984684673060745,0.0766886747376696,-11.615215841229178
-8.747358071653759,0.014528846656644147,-10.207178329858767
-10.359340132750699,0.09156475565716585,-9.8387075244031
-9.747631738712759,0.013591440578764588,-15.13621015855692
-7.991553030447033,1.330941257003909,-10.513973436369813
-6.426459475387618,0.6769522524397312,-8.616754522103127
-3.208233782385659,1.2000846886413272,-12.595473705386729
-2.8286824484892605,0.6821898921515759,-12.178049386383764
-0.7713909390920541,0.4573916439558309,-10.575495180846547
-3.2531950602991,0.3478414521881078,-10.627051799804748
-2.3410912671399666,0.2215721755503937,-10.931605374369083
-0.43676767985905585,0.11822890781991902,-10.742123862170256
-3.0165196687892677,0.09711427222581645,-9.781603359283604
-0.6890995748217814,0.056007601288308076,-10.725332169846656
-0.3696730276988103,0.018746957980387814,-10.711866494751089
0.9637363726768637,0.03401228893325141,-10.986309969910684
-1.9960125533293052,0.0401863229788385,-9.835393118732096
0.058570276342283956,0.014571485636872418,-10.666633849611076
0.17625851851562865,-0.011418078206795662,-10.669106900870753
1.3617738965090624,0.011566856439660045,-11.071717189398301
-1.7053641452231378,0.024187995183211512,-9.855584856446628
0.28542048705735756,-0.007446796700790709,-10.62771327466703
0.34187503063471447,-0.027113656516016698,-10.640808143878075
1.482047427632293,-0.0005101603037258283,-11.089039646475637
-1.6171693069692965,0.015756353081543405,-9.854546139660574
0.35012954668997076,-0.013852724765630011,-10.616460318713287
0.38912537252601415,-0.031781432848461355,-10.632604162451726
1.5165000769790746,-0.00395423121053004,-11.095488940628245
-1.5920209075981264,0.013276143724665908,-9.854757577046547
0.36859472298491536,-0.015741260569460215,-10.613182692451453
0.40260372852303644,-0.033157956034889004,-10.630211673047969
1.5263413002087423,-0.004965796294889385,-11.097813669113442
-1.5848485565753778,0.012544924747246031,-9.854981516526568
0.3738656543226577,-0.016299891037584845,-10.61222332491769
0.4064499233711405,-0.03356497758975022,-10.629510568428234
1.523320431451242,-0.0028986169524000197,-11.093326489483438
2.6264685736801674,0.01856220297203977,-11.538667175633638
3.433783974369154,0.028307350649886535,-11.864033621975862
3.7126679458895717,0.043725994071257324,-11.992535221510153
1.5647242559389851,0.3313874244897531,-11.669219045785264
-0.062434490132789566,0.3223697823148886,-11.003535418958322
-0.023342631308190746,0.2476576217786564,-10.87762797782616
1.4923987397026377,0.19373537273098318,-11.528714252955405
2.4315373778727696,0.15560532758238887,-11.505386677548643
1.7529278436143363,0.09322507773626926,-11.231660412341283
1.4215914458873005,0.09567977136219602,-11.084526497989634
2.567658943730678,0.0359924784192308,-11.567500347883911
2.0353929449299892,0.05839761448165507,-11.306687828058655
2.743006021212707,-9.438124351933419e-05,-11.526469428749587
3.53326749708952,-0.03586172427512634,-11.857890612178949
2.7412273071886597,0.006206866268890873,-11.519125943918109
3.258543010703931,-0.03813864993780864,-11.719321935975504
3.909979201659642,-0.0638654989882951,-11.984485032655726
3.028200094358767,-0.14449083170749127,-10.519083037476488
0.3575724981700361,-0.10896651405550029,-9.448598338170655
1.6066019817225956,-0.11374902913879192,-10.44921622297451
2.6997982468486548,-0.12259820031992144,-11.24401551526495
1.9357292969023145,-0.113272703142385,-11.03510405590732
1.554713830553258,-0.05526447632403135,-10.943727320920388
-1.5220818872913633,-0.026200682684057026,-9.479496527975416
-1.0750146194791497,-0.05180819632692105,-9.772557562343804
-0.6424564255852143,-0.01052890328068267,-10.022449089010388
-3.1262802754699925,0.006083589076004949,-8.80695027546417
-9.439481543714047,0.35017473453454523,-9.152508624904888
-249.15875535449496,0.9802799279187044,-28.589019404526717
-186.92406597551377,1.0000258806473157,-20.345305953244946
-417.31727449846187,2.1106568896913376,-40.34264554823407
-542.360385215243,2.8658239252434226,-32.43589197886246
-409.5764081376144,2.605193217492082,-23.272097751556295
-302.7915379342049,2.103438772948307,-16.748821124947632
-218.41678097334875,1.715935652952498,-18.452172827536607
-158.3491348980889,1.219997227327147,-15.994050946062867
-119.08920856707341,0.9429663894422997,-11.799912836618354
-84.44078280820844,0.6652354813507667,-14.530983228700652
-60.58825627116276,0.452818197843362,-13.081719633958887
-47.73729402332696,0.3878286801708487,-9.67113819817145
-32.36380461446103,0.2580036523790277,-12.980833277451916
-22.580111646031458,0.15584675731553094,-11.950556098129319
-19.997328374206564,0.17180234076820997,-8.845284336483198
-12.117897786896432,0.09942806975233592,-12.378437076691636
-7.8037926866808425,0.04031231019864649,-11.510828314339038
-4.63539567397981,1.3801333428713811,-11.627518627163784
-3.374146131250103,-0.34329150314192236,-12.606629799841118
-2.466725583731605,-3.861010556272759,-11.400622506759683
-1.7987802105567998,-1.0060200452864243,-10.817459537041776
-1.3145380253457781,-0.7361626078212042,-11.06132457963569
-0.9594014754761596,-0.5370945615264254,-10.91379084750896
-0.7002128929966767,-0.3918700291001791,-10.806142629293467
-0.5110485875820467,-0.28590537102555574,-10.727583023686313
-0.3729892596925538,-0.20858673878346767,-10.670250244497879
-0.2722281005565874,-0.15217131716444426,-10.628408806123987
-0.21577650757875935,-0.11917717881680512,-10.591191147648649
-3.182021019973156,-0.09178101728936355,-9.512697798564886
-2.167597311439498,-0.08435510321430928,-9.811380195993104
-0.3607091472610231,-0.038343220330162665,-10.386993822380152
1.2501961647526956,-0.007323862071649655,-11.064040779547893
2.42843128326982,0.009473603616734674,-11.547814632513944
2.9787634567234242,0.029973128392767744,-11.713128630831536
3.688133754782049,0.04247092299002635,-12.010105875076777
4.208222484714857,0.04582721459371326,-12.22220825879905
4.277710311940446,0.05652361399434899,-12.231273802349387
4.636448855868009,0.061853339964346575,-12.378589034443053
4.900555803291131,0.05996784761924671,-12.48400508022354
4.783002242845174,0.06684514370224744,-12.43385404467647
5.0053601139786315,0.0693894426158153,-12.52214539352383
5.169897131667701,0.0654636456264756,-12.585611287259061
4.979584037745864,0.07085887009565246,-12.51311601789153
5.148890335692479,0.07232075838185052,-12.57808864310576
5.274693289869998,0.06759937853990582,-12.62503556427374
5.056076847269879,0.07242122111324217,-12.54415334370626
5.204742928732422,0.07346243184881364,-12.599895872067316
5.315475309170439,0.06842940787495076,-12.640327698717243
5.085850312061616,0.07303085914766407,-12.55631724661404
5.226483765346138,0.0739084989269913,-12.608398953992394
5.331350801321827,0.06875208685073848,-12.646256796344451
5.097445896951826,0.07327013900557754,-12.56108830607612
5.234951418512806,0.07408410027048243,-12.611715155913338
5.337534389882733,0.06887763718954952,-12.648554217452045
5.101967498136818,0.07336534562322815,-12.562960750815606
5.238253441195517,0.07415444127151127,-12.61300841690244
5.339945859917811,0.06892659457531536,-12.64944351597782
5.10373548814285,0.07340440727647844,-12.56369551751543
5.239544557597249,0.07418372235372771,-12.613512411976698
5.3408887929160045,0.06894578904720135,-12.649787087540494
5.1044310889973135,0.07342149712325813,-12.563983283805678
5.240052474069412,0.07419689928142269,-12.613708363391082
5.34125972442473,0.06895337486286887,-12.6499193032263
5.104708655741295,0.07342987844682755,-12.564095252369677
5.240255072026774,0.07420365653540632,-12.613784084984411
5.341407655083422,0.06895640550407152,-12.649969775614233
5.1048229288173355,0.07343607012005826,-12.5641380286522
5.310677581103128,-2.013118337682247,-10.184430337169523
3.649395728598768,-7.252467190745159,-11.208901005458115
2.6610408511205312,-5.283749713178309,-10.988125587475315
1.9420177915265462,-3.855046097408725,-10.857005980115549
1.417371311300459,-2.8132426604217327,-10.764343908072657
1.0344615826025914,-2.05302786681273,-10.697027336980533
0.7549948258242152,-1.498236222689224,-10.647933512360451
0.5510263626308985,-1.093355331970613,-10.612110701925321
0.4021603107237377,-0.7978792394148754,-10.585969925206514
0.29351064883872346,-0.582246888509264,-10.56689446039204
0.21421283817670286,-0.4248843026889677,-10.552974909982225
0.13917183447994497,-0.3182188468729671,-10.536031717237217
-13.607089880580507,1.1623402919111974,-13.492985068394011
-313.2707711411316,0.6397433488572071,-32.18125044304562
-424.9888174616675,2.7000948057780283,-44.770167193595114
-537.4406125819407,3.651103269623938,-57.80222002053613
-408.9929568485284,2.665333740203426,-40.21094985688876
-522.9491472971058,3.258954999741719,-28.480177711578314
-441.49227295673234,2.57741908190393,-15.591468711824186
-319.8451042812997,1.8188528585094699,-17.109484912241943
-237.21843650984422,1.3361699386452133,-12.626709279652554
-170.56317944709355,0.9766577044763922,-15.34625137044433
-123.4380269992024,0.6796364020819737,-13.692190927431646
-93.6076848849418,0.5527268777499746,-10.117050260955299
-65.84200413963607,0.37880309948443175,-13.305864086287402
-47.014119868958886,0.24385606319242215,-12.187764025945965
-37.83033675820083,0.23573152702363828,-9.018523170608344
-25.13306877221089,0.14655465571420756,-12.504743654105997
-17.302973982904298,0.07455788029283669,-11.60302942213834
-16.145881451426092,0.11287477720950334,-8.591467476498035
-9.306728808151583,0.05595702602714239,-12.19343456586927
-4.449331838166187,-1.3099742545681303,-10.609824967581904
-3.2901642918807124,-10.038786083342945,-12.696014467254443
-0.5236781938409996,-1.0959762035877354,-12.728655857760188
-0.10658351846169117,-6.550373129304036,-10.727590532520935
-0.2523975018452449,-1.397078932358271,-9.926856492206134
-1.0608552775567146,-1.7514507333136276,-9.776178028867545
-3.8926273876568414,-1.2960661273376495,-9.181938127522102
-4.438973880570222,-0.7523565369070004,-8.814666345184163
-3.043235918205975,-0.5359669412390801,-9.29984641879346
-0.6942163677677584,-0.4148964268429898,-10.324878767869603
-0.373233837895398,-0.3246026944972803,-10.419722622574133
0.9602445039387503,-0.21728909676691668,-10.805618795048913
-1.9979124397046912,-0.14273982670534313,-9.691818281273086
0.07116199127718703,-0.12875365147637766,-10.531368728808388
1.3852542836492259,-0.07963888854234506,-10.97951268297905
-2.0131875159886548,-0.05328846054508048,-9.737632917641694
0.049744145542570894,-0.03557200743833669,-10.561883965256191
0.2130722830627669,0.008869480329735897,-10.569271523516708
1.4975054581103444,-0.03542545400284602,-11.051204039849384
-1.9681127169107955,-0.015576044988070654,-9.768992902507875
0.08297929151602923,-0.008559473374290229,-10.573528471957877
0.23803681634566734,0.02831099924348212,-10.57807050727966
1.5156229778526131,-0.021312676008296824,-11.07098079169179
-1.9551476906090643,-0.005139459659295204,-9.77853273902467
0.08979975121721884,-0.01826108486930369,-10.578745305492811
0.19901926230586886,-0.035440927317772875,-10.604912460484563
1.4867585393623306,-0.06885260568426047,-11.09440571879559
-1.9762235345006365,-0.03903405505119219,-9.794140357870315
0.07444917742637736,-0.04300795119530524,-10.589022833912466
0.18784701484140442,-0.053494151289890865,-10.612432918114036
1.3704105999493181,-0.019063845800992907,-11.0867081290592
-1.6992097855606583,0.0018841571776350534,-9.84612797593873
-1.4252787753023741,0.9500531636481162,-9.401895733285608
-1.9555259290984224,1.2896732597583385,-9.144698703896683
-1.428371881384714,0.9408701393795489,-9.513871369691703
-1.042562659366534,0.6868944761857138,-9.784284254391817
-0.7609063629466275,0.5015359804054553,-9.981753029125121
-0.5553385348875663,0.3662164132111154,-10.125892043389282
-0.4053075852575624,0.2674212845443916,-10.231097794639249
-0.2958097173021193,0.19528941114226947,-10.307886234400614
-0.2158943903795843,0.1426227268808942,-10.363933478171663
-0.15756948226801193,0.10416678496046153,-10.40484216005646
-0.11500203733204353,0.07608584966277888,-10.434701477326039
-0.10295744281675437,0.04806725630882369,-10.44828323494693
-3.0919654416596036,0.04372421190913017,-9.517515221906391
-2.281426314961323,0.009078478704222195,-9.778855500762896
-1.7132778473171844,0.002762589773351232,-9.90671825756558
-4.2748054737505505,0.002096759513633171,-9.036043014754124
-6.124152284918267,0.010994575713540478,-8.378834032665344
-2.939476465060319,-0.030649475088887143,-9.607728573611878
-5.25941105669841,-0.023082169382166274,-25.327366774750814
-2.3060051678609925,-0.009995689107344018,-21.624935508722594
-4.695558930251375,0.0016055368658508332,-17.055900981657658
-6.102295777653353,0.015354496099466,-13.924838519543522
-4.41226193931908,-0.140856598906011,-11.271520826522794
-3.220662187323094,-6.197797132276748,-12.9768602098518
-2.3498893754505894,-1.2081007579270109,-12.815370309719968
-1.712382254856251,-2.3654002583241747,-10.893568859810099
-1.2510697590452557,-1.3773337342008993,-10.781821022704404
-0.9129567223755877,-1.0053473431140274,-10.709777841237825
-0.6663313358929365,-0.7336769157040537,-10.65723158268123
-0.4863196833943212,-0.5353898582246474,-10.618901333997107
-0.35493932756432434,-0.39068427854005316,-10.59093069000959
-0.23933680124446988,-0.2768579204797077,-10.579007328889386
-0.19543954980469452,-0.21002661112997023,-10.552587631198234
-3.044128125602138,-0.1402462357893114,-9.447974953942404
-0.6919084959178727,-0.12614959173657228,-10.334264838845506
-0.342411824243902,-0.059447607703108196,-10.407026257150967
1.00800245086516,-0.08633321053790266,-10.918093738632193
2.267447803733219,-0.09917323256130095,-11.395793222599576
1.8182298961722303,-0.03967383006483866,-11.18216019122144
2.585066995948692,-0.07186171888039117,-11.494807382632773
3.418588872290807,-0.08866871563535053,-11.812588327989333
2.6584490266922245,-0.031939037229563004,-11.486355215385611
3.198338946659873,-0.06621053687004891,-11.721708311782079
3.866239432645844,-0.08456995864208519,-11.976364804681106
2.9851868052025132,-0.028914450570966366,-11.60588097556798
3.4368268496352723,-0.0639995820894688,-11.811112860792742
4.0403240145623815,-0.08296566305980167,-12.040806466685414
3.1122472886339985,-0.027727039432062714,-11.652907238789739
3.5295707470527065,-0.06312967520824994,-11.846398587416129
4.108023949456135,-0.08233286598583674,-12.066200667577707
3.161656424943696,-0.027256229958237975,-11.671434979261964
3.5656364188304464,-0.0627829459891669,-11.860349839414278
4.1343512920632115,-0.082078838474367,-12.076224041856191
3.1808671770961765,-0.027065347156763293,-11.678744707938607
3.579659361246592,-0.06264041930092856,-11.865876174919661
4.144588071965861,-0.0819726321210233,-12.080187261369835
3.1883334646949177,-0.026983910926238384,-11.681631854077972
3.5851085873151467,-0.06257683055566154,-11.868069185755955
4.148566130267609,-0.0819236371983113,-12.081757036728062
3.1912317591878834,-0.026945037904387417,-11.682772571881898
3.5872231581868292,-0.06254481508154577,-11.868940564070973
4.150109856683018,-0.0818976281144956,-12.082379675182606
3.1923535812924517,-0.026923531243547842,-11.683222484247773
3.5880407534445466,-0.06252592195623746,-11.869286779506105
4.150706747409375,-0.081881283544123,-12.082626751474361
3.1927846706106404,-0.0269093817565023,-11.683398668418722
3.5883542364199754,-0.0625126559842504,-11.86942389037507
4.15093560597765,-0.08186918977580103,-12.082724617979592
3.192947499483479,-0.026898559992179653,-11.68346630116234
3.5884719846293813,-0.06250205728604505,-11.869477588211542
4.151021560580607,-0.08185920273450012,-12.082763094501608
3.1930063680423904,-0.026889430128171028,-11.683490895024368
3.588514299867495,-0.062492635990489535,-11.869498145609352
-0.5081429906523165,-0.32966606099356355,-8.838455099175944
0.6493885712595666,-2.928409897880701,-13.980509694252788
0.47081653728077033,-2.1439254575908637,-13.028423862257895
0.34353064410372824,-1.5650631175388212,-12.348017006545941
0.2507625518467572,-1.1420702718728253,-11.852784954808408
-0.5012926353143826,-1.1115145480763302,-10.776606005061344
-0.827061661742414,-0.9829521538682867,-10.200142678593812
-0.6222274836029347,-0.7386775920135509,-10.279699086198471
-0.4724600110133853,-0.5406349451721545,-10.288578991414836
-3.3880974660662386,-0.3855632038110237,-8.811448536825756
-5.41595959391791,-0.26970490335712194,-7.784486238882422
-6.950726694739425,-0.1865424588630523,-7.009087741346567
-3.546060197246255,-0.1750277835128991,-8.734733723043373
-5.68934506803603,-0.1267827879950632,-7.652760150163564
-7.151187677652583,-0.08355165369162551,-6.913020803748256
-16.460684857466255,-0.9162625103197354,-9.328717805917693
-72.71581887287205,-4.90003225491537,-13.49702451833706
-56.128459929939666,-4.863515578629883,-9.987915964023744
-43.31854563557986,-5.450510119790465,-6.290525013179863
-135.52752915380657,-27.747259544669618,0.4491858081265656
-94.28703169269113,-20.502811505062013,-10.665213133871433
-68.76919389319727,-14.952266339987295,-10.654487496434308
-50.19191404396297,-10.912175683315713,-10.613586792632146
-36.632650303908214,-7.9641739996511225,-10.586166678161804
-26.736181475130223,-5.812646297045939,-10.566894954979361
-19.513244295060307,-4.24236265095088,-10.552960589095177
-14.24161917356625,-3.0962925894581237,-10.542810271825605
-10.394155072128095,-2.259833517014987,-10.535404822229156
-7.5849644311215165,21.378890634198676,-8.91634821058771
-5.760868337892579,3.188266482620776,-11.3316148201411
-3.842977589223246,10.19265217063312,-11.666435921083847
-1.5438829204147,2.451603320682726,-10.27866677439354
-1.3554072303396711,4.323215737997154,-10.48596703505485
-1.0013548758298334,3.143281643025322,-10.492906257657294
-1.5777079806232033,2.8596651853806967,-9.934680239620874
-0.06210111685139741,1.3672319910686752,-10.761455013830691
-2.3156787019370295,1.0062158613493501,-9.824423196445466
-1.6904255082771924,0.7343784957536271,-10.011127842808204
-1.233789857624231,0.5359847787284806,-10.147366549316171
-0.9004787671155143,0.39118831862976455,-10.246794213056887
-0.657323371288769,0.2856442872350495,-10.319303483766078
-0.47499337948089804,0.20821535937859043,-10.375192999471796
-0.3512740921609853,0.15207488776966774,-10.410234974508262
-0.26135839303381325,0.1109905284229118,-10.43560721930708
-0.19609085143651755,0.08090955784354936,-10.453940028648155
-0.1487836469965256,0.05886988636975238,-10.467151531046069
-1.2823320729727026,0.2577565342687569,-10.307206660355394
-0.6191131768015364,2.1508103556775007,-10.878464803327763
0.4985315077127951,0.5928271847965298,-11.486705929930377
1.8708858329170903,0.4428394854489579,-12.01638137472886
1.4551747746164874,0.3418694216853267,-11.653083671143555
2.576176940021954,0.24014173399780347,-11.639722335181535
3.187623404870796,0.17038475135999737,-11.631337711014208
-0.37323329050771115,0.13656801430147947,-10.328403163085788
-0.23679660235845224,0.067095870374701,-10.391504589966786
-0.030477916697259605,0.07632515740959168,-10.471182941101192
-2.686039577288876,0.069508000495652,-9.441305130558025
-1.924865974743688,0.017941117022102923,-9.743979006965095
-1.262354137554881,0.04046347374146726,-9.998637184716126
-3.5851861574603396,0.043393878410243135,-9.07601218533939
-2.58099419425615,-0.0011206636048345653,-9.477411048114206
-1.7411740645760718,0.026554619087929596,-9.804098923924018
-3.934694590963862,0.033270513339027474,-8.924971593866418
-2.8360296646227834,-0.008507621096150178,-9.367193495031845
-1.9272883229314504,0.021164832041706088,-9.723663378786151
-4.070552036488572,0.02934874766654639,-8.862246400546583
-2.9351603296511737,-0.011367939192369267,-9.321422558836364
-1.9996291684623944,0.019078044968249955,-9.690260075980238
-4.123363299519128,0.027830429863837883,-8.836083009523303
-2.9736923745196124,-0.012474051688589022,-9.30233161571342
-2.0277480594630846,0.01827122123539399,-9.676327387345605
-4.143895002509406,0.0272431040431542,-8.825122167401505
-2.988670863001561,-0.012900757570658804,-9.29433416656666
-2.0386789543236525,0.01796010322211364,-9.670490529562239
-4.151879910198863,0.02701619980609969,-8.820510247370482
-2.99449467616905,-0.013064532727232361,-9.290969524711072
-2.0429293940483237,0.017840807401802505,-9.668034619656492
-4.154987913172619,0.026928726614367862,-8.818561262032526
-2.98400491947353,-0.01853260768103346,0.7644382548923154
-0.9155073017224264,-0.012058322210481849,-4.542829005035153
0.6760465022184687,0.0066969776193924,-12.518768850059622
2.0981686811769955,-0.030695163950391034,-9.930932412079994
1.7162461890749596,-0.27164592004796484,-7.1492719577358415
1.5370902195133518,-1.20453424997586,-11.287769594202441
0.5503607540197445,0.9971619820485651,-12.172229673381693
-0.7268837377800447,0.7288810357479418,-8.747772963110965
0.8180824050473919,0.4871340269225833,-9.372338667615967
1.8125352340522143,0.3138710936487962,-10.796262245518179
2.8684939463593175,0.19401702168441634,-10.692085439957859
2.2580794066666643,0.15651080812507834,-10.720810932794986
2.988043816933163,0.12878657928075626,-11.083552389318129
-0.8429828777590349,0.09969051420052376,-9.73950456219631
0.9018189759897834,0.07600475734141622,-10.493979396599697
2.186213244882965,0.028213301121857402,-11.049301673030149
2.921284023972776,0.03140192220507005,-11.458615930238173
3.4529376328257055,-0.007537711880366338,-11.742562101984845
-0.27477317700927895,0.003717071417104305,-10.299871225295934
1.326272196330059,-0.02212198045859096,-10.931096688913124
3.8163983188394237,0.002397603988461453,-11.568740242618704
1.9430499428301047,0.8973008568270449,-10.671598575135286
1.1670192502691386,0.745429130900724,-10.41971233980078
0.8700657912636437,0.5379818531040463,-10.452334286322552
0.6530607200334748,0.3879591497526123,-10.476903488260064
0.49565024841765126,0.2786755924335382,-10.495446817137646
0.3817642976687639,0.19888086837866292,-10.509469569792037
0.299497117432704,0.14057139895433363,-10.52009998123641
1.7220463921965474,0.11660015832073756,-11.313436210783516
2.765170963698531,0.10078442887880068,-11.848132722575894
3.5416041096346196,0.04603381405573125,-12.189454264440677
2.7455317465898412,0.06494919383150706,-11.760523336741585
3.2569127312748885,0.0048669798104139655,-11.78256482281643
3.9034750140440715,-0.03164672136270377,-12.073119109574092
3.0108799313241157,0.00893127046247115,-11.675965325216392
3.4513151665222424,-0.03595833789862624,-11.800683648706531
4.046303984746149,-0.06195511970353035,-12.056464507749237
3.115652732285929,-0.012699689058081241,-11.663847659328455
3.528103698271848,-0.05175043666117627,-11.827280645741121
4.10276690408646,-0.07370613104870807,-12.062617742646621
3.157095384990342,-0.021059886465887086,-11.668354716793226
3.5584917412207377,-0.05785435958211965,-11.84629659735241
4.125131467333195,-0.07826019845822221,-12.070613334732675
3.1740323748294457,-0.04315636222920443,-11.673067042025783
3.6521412824287243,-0.01726058492832054,-11.85694983009527
2.2363417093532187,-1.4965716639051778,-11.7799109100302
0.8630227831354633,-2.883589019335003,-11.721973486448746
-0.19710073988830734,-2.6176497525535747,-10.855210711789853
-0.8129683111904868,-2.2712839105623206,-10.256422557200056
0.5368268410899528,-1.1283325314904844,-11.089869109552193
0.8780019610180843,0.0758996241085299,-10.700811889044623
0.43367237312209594,-5.402478764825678,-11.04018189536801
0.8564534202599968,-2.7106610161433466,-9.522278291487009
0.6259623481249894,-1.9784609416149554,-9.782273997579551
0.45698393834212087,-1.4439787113854639,-9.979498069336678
0.333544087940693,-1.0538844148596518,-10.124192464037279
0.24343696921818098,-0.7691752083079485,-10.22987210588597
-0.11493729846940348,-0.5436997934371667,-9.88579734375169
-133.84534087880954,3.3447184394635396,0.17368758235400605
-100.17427318223972,2.446140950984616,0.5542091675764174
-146.58280625330156,1.9146789174160679,13.498271833937578
-221.8875777247631,-0.6952382780482251,41.209068272615184
-221.7624982802467,0.04808407164084916,55.35601747683246
-298.4264556276328,1.293242351976808,70.56360763561143
-216.59755778919842,-1.3351914336597064,56.56277099392674
-155.7073192586536,-2.684890294850134,35.525630581543254
-113.62572698140161,-1.96691570612757,23.081264389797028
-82.90890961182228,-1.4409179031173052,13.996444495591469
-60.488819660189044,-1.0545538687833045,7.362980550361626
-47.21559511037651,-0.77424295378622,4.091346539856547
-37.449705534869864,-0.5589357559125109,1.6598293319636261
-30.002228844706863,-0.3938003320386484,-0.26845849327074744
-21.861079680151576,-0.32022909196380633,-3.0500343101749676
-15.812823644389674,-0.20646494752986072,-5.11586271032527
-14.190694251523196,-0.1365772372060871,-5.225245878409439
-10.318239615885487,-0.13393706571684424,-4.289593325102532
-7.502935697994685,-0.284645929740011,-12.094589105094862
-5.476503557042303,-0.20814533336026442,-10.767565166051481
-3.9975201982025808,-0.1519342125670455,-7.066567893583856
-2.9179768119106253,-0.11080342607775819,-10.341119162564354
-2.1291522445168796,-0.08047650728952938,-12.316747153171448
-1.5538812991805981,-0.05860738172036327,-9.313120944930747
-1.134444932938432,-0.04280185551496142,-9.125533249645978
-0.8273941678716485,-0.030862574891187863,-10.922640080313808
-0.6037308707733428,-0.022401002645968136,-10.675794051135886
-0.4406669339122665,-0.016273095313409678,-10.632399952431179
-0.302101384965915,-0.003895337023175377,-10.609226460467477
1.3044363510112476,0.0017086711891767924,-10.96846338602005
2.2842025358352873,-0.0363683423234401,-11.290533819696064
2.92455359505502,-0.06926490469381472,-11.569139363245764
-0.5616646798575058,-0.03811219055031103,-10.196080890871784
1.1075132499092506,-0.042528484194319253,-10.861426298193845
0.9419562194169023,-0.05309607343029325,-10.812306815706412
1.9204091321870456,-0.019023072875147796,-11.257187733281878
-1.2973052668235376,0.002127713438066836,-9.961681013254518
0.5837976694900993,-0.024059028069782412,-10.682810855378667
1.7594855998633923,-0.002683475037592028,-11.163111258987758
-1.7418370736321254,0.0029667001722641917,-9.844880594650178
0.24841112100563345,0.005520127322398729,-10.620051487482874
0.3588245240355179,0.038549684285958216,-10.611880282312754
1.6033553786183137,-0.013564188362153964,-11.106125349105405
-1.890933995085081,0.0004573093166953014,-9.800381663613003
0.13676754611891573,-0.014146092055055053,-10.591818360250482
0.23310697788974705,-0.03243237858578121,-10.61456925669075
1.4033844427877982,-0.003739455134498672,-11.090303157261195
-1.6748677657767483,0.013121643512642684,-9.847964482031157
0.3080372512370846,-0.015881089030780126,-10.606013944345184
1.5582204425336676,0.003238133298595222,-11.097134600531152
-1.8884297945110753,0.0072538806905788275,-9.800377123248355
0.14133884399740215,0.008649325789212793,-10.590308599769331
0.2805955176375998,0.04089773543244734,-10.590139534754337
1.546315635704648,-0.011888198874209735,-11.087017839621977
-1.93257711074929,0.0016565525972712554,-9.7876103559835
0.10634670062668716,-0.013267515802576275,-10.583393372116005
0.21089231679912473,-0.03179040374415633,-10.608411528106977
1.3872504285604235,-0.0032538329231483615,-11.084757331674155
-1.6867157432639481,0.013450106544334876,-9.84428900120175
0.2993807321804218,-0.01562776194559414,-10.60362571721413
1.5518977450789544,0.0034346467245819842,-11.09493526933385
-1.8929684058867107,0.007379547860064947,-9.79895415323882
0.13802203609808217,0.008739925126297956,-10.589397647748642
0.278146012855085,0.04101384569308049,-10.589454464071595
1.5445748561296113,-0.011834416697192783,-11.086376345234589
-1.9339050197559107,0.0016799648411888746,-9.787187184054288
0.1053752609754246,-0.013247455686058765,-10.583126680284058
0.21017493776613036,-0.031774914075504104,-10.608210542914794
0.9518052953805538,-0.04491798863172462,-8.331508499432104
-0.8698646652453788,-0.032996995611555884,-7.821308821851649
-2.1016227980292053,-0.020721447480961955,-7.755745709712889
-3.076292766605227,-0.011365049954386516,-7.6988174449321845
-0.7194758439591937,-0.03051381176129767,-9.199275231917602
-0.6337641761087249,-0.03185159630638142,-9.458462984789405
1.0643935202505048,-0.06353466521919413,-10.52276538493698
-2.3247390827901757,-0.04489809203931785,-8.957378287068245
-4.695353742561691,-0.023569162130571784,-7.8652132089569236
-1.900091285278167,-0.0559750286243349,-9.359592705880045
-4.487793294207108,-0.04009675901767019,-8.108946154184228
-6.2742193636256065,-0.020357734921306676,-7.2459424370810295
-3.0524151725956146,-0.05362223020989906,-8.907618296018807
-5.328500677973705,-0.03853970133564877,-7.7792304763146625
-6.8879172976641785,-0.019360422219018972,-7.0052470661802255
-53.35618504694281,-2.0136885463296896,17.882661213845065
-140.04290087337523,1.4117047451881772,57.51961995210476
-175.53166507420602,-0.3439695004768364,87.55659680884818
-130.11143265014195,-0.3738809460632399,65.70990449182145
-97.12303422858142,-0.3492601372251234,50.24734554877162
-73.16279985011622,-0.30123725784808664,38.80352606016926
-53.59541437312568,-0.3159387021486585,25.52799212848052
-39.127347912410656,-0.23140821915684817,15.789671003349913
-28.559951465283163,-0.16871654094473343,8.685878562858711
-20.84481160922806,-0.12292821796629999,3.49911624028361
-15.213507916620184,-0.08954831862325485,-0.28690207379776167
-11.103472655766755,-0.06522113956640581,-3.0501846157478187
-8.103784495884568,-0.04749397818444229,-5.0669602263706555
-5.353465576978517,-1.3854382202347195,-5.78340695618489
-2.7748207181198046,-11.247684398706358,-9.579421794381812
-2.0259137784090706,0.7052677447688787,-9.825432512289156
-1.4785635397243668,-5.414296208439691,-9.59115249858686
-1.079590971377026,-0.9159509843342715,-10.001126089370105
-0.7879187083806831,-0.9789514923721704,-10.139959855176443
-0.5750495291591765,-0.7143497354443318,-10.241361576970695
-0.4196933474828477,-0.521254142303844,-10.315377630339043
-0.30630946729688546,-0.38034535017206494,-10.369401808185694
-0.2235580110829083,-0.2775208323213511,-10.408833898408098
-0.16316315139105217,-0.20248860419726222,-10.43761543593694
-0.1390587686501127,-0.1555199432748337,-10.449881664435356
-0.1853387567167008,-0.11345830684561808,-10.380058968865436
-3.1610262540356358,-0.08254169096777711,-9.332725494706342
-5.3135203568765865,-0.05073124216157956,-8.559074476883737
-2.347357410241659,-0.0756769748708579,-9.712073235697881
-4.8224780690447675,-0.05431395921049239,-8.802315037253615
-6.526709968254038,-0.03056970384893655,-8.150240707954675
-3.2323071789063524,-0.06099651493340743,-9.397270125993725
-5.469016782270321,-0.043682236058370086,-8.559460101651784
-6.9991311062936,-0.02282442639873938,-7.963327376800126
-3.5768835099059055,-0.05534915936629102,-9.253565824339379
-5.720801010887401,-0.03958078336695757,-8.448767095700092
-7.183142525020328,-0.0198311033811376,-7.8782487288237455
-3.711086775990019,-0.053166436514102786,-9.188238690389753
-5.81887679253645,-0.03799766089636516,-8.398510613309856
-7.254836918814262,-0.018676506542213662,-7.839665195418393
-3.7633698221350613,-0.05232416484103894,-9.158644434802552
-5.857087922194733,-0.0373891392793122,-8.375768424068458
-7.282779582105897,-0.018233828340220533,-7.822221557262116
-3.7837447496485286,-0.05200094946000436,-9.145277111581045
-5.871977928260616,-0.037157737102466004,-8.365505977902997
-7.293674471541221,-0.018066610501221003,-7.8143560419418865
-3.7916880232586845,-0.05187856884455279,-9.139254446453911
-5.877780328151077,-0.037072026749836694,-8.360886411397907
-7.29792469536975,-0.018005740037580265,-7.81081744976434
-3.7947864071570017,-0.05183371013674136,-9.1365468732327
-5.880040572294721,-0.037042372892968745,-8.358811607417685
-7.299584085174035,-0.017985714940166795,-7.809228681124287
-3.795995957371578,-0.051818641418319544,-9.135332064118554
-5.880919778910449,-0.037034113959487046,-8.3578818196033
-7.300233005335812,-0.0179811916177447,-7.808516649177575
-3.796468912821594,-0.051814795421950666,-9.134788015245043
-5.881260518991345,-0.03703374914992792,-8.35746615194314
-7.300487695810306,-0.017982298791299343,-7.8081980497726855
-3.796654544359302,-0.05181508818555479,-9.134544792872978
-5.8813913735967205,-0.03703619120712974,-8.357280895522502
-7.3005883779979275,-0.01798535443183669,-7.808055731250731
-3.7967279492340182,-0.051816837553536874,-9.134436289196326
-5.88144042203106,-0.03703951597815333,-8.35719874345067
-6.964985623535075,-0.02021628885001615,-14.593191498388286
-4.959020175450167,-0.03666459122401801,-10.189541783905494
-6.947614616032993,-0.04885475496106943,-6.11790247187515
-5.094742854518144,-0.028499233403702248,-8.953797450151239
-2.5472432561266904,0.008590282242189443,-11.660635985981601
-1.8269135486808348,0.017148973165338387,-9.300661292971961
-0.033696065861694935,-0.020228138830706004,-9.147479326767249
1.2929228399842405,0.0030502971939231002,-11.322524956015105
2.2778521083539167,-0.02697876655538221,-11.291075292687413
-1.1435675107183565,-0.01051137106810019,-9.964600056533186
0.6997547773437871,-0.03243083461746481,-10.681207039669246
0.6437727855952715,-0.04546427216274273,-10.679932927848448
1.7067285006914648,-0.013351250672790707,-11.148192399792253
-1.4609194430869126,0.006012202469690489,-9.886665941210047
0.45475056674532954,-0.01031659531428213,-10.652988319414625
0.46511655367672106,-0.02956683373420614,-10.659340543232496
1.5763163415605514,-0.0016672125447888472,-11.12496947287798
-1.5561201904721924,0.014490921147260537,-9.872679450817905
0.3852021813299473,-0.004127791933468964,-10.645031719683669
0.41435451486056996,-0.025050875362920166,-10.653532594834134
1.5392785605223827,0.0016348694573670407,-11.118052210832127
-1.5831586746201722,0.01689312623718188,-9.8685984266642
-1.339777203033092,0.018397050813729447,-9.422519025707794
-1.8775195585851607,-0.9812977919947311,-9.155842065620933
-1.3714090110112427,-0.7165604330530795,-9.522021607059997
-1.0009836459974424,-0.5227688252419052,-9.790234763338324
-0.7305574138286397,-0.38132913960901205,-9.986096400816459
-0.5331863720445895,-0.27813726380154535,-10.129062236474585
-0.38913821775190605,-0.20285630878836727,-10.233411695782445
-0.2840071974213938,-0.14793982941536976,-10.309575145128816
-0.20727926348018733,-0.10788105707708864,-10.365166219802978
-0.1512808773955645,-0.07866189530900153,-10.40574195043999
-0.110411609986912,-0.05735057179083411,-10.43535824987071
-0.06083304634938424,-0.03387393212987612,-10.465521538565998
1.476273755171934,-0.03172926754587839,-10.687652361484433
2.5954763788568154,-0.014843539154361627,-11.38649238544435
3.4120530173149177,0.0038200217170428694,-11.86074185762219
3.7005698798412148,0.02598030399942079,-11.815725061734982
4.21780849115008,0.03959886371223265,-12.13162807870373
4.597872383640657,0.04375120841593418,-12.345276310894613
4.565890179922785,0.0552528305184079,-12.265014003041816
4.850417919170836,0.06097257735437209,-12.423843027451579
5.0603600074079536,0.05934357720121912,-12.532231587428981
4.9033881888354225,0.06662393726308533,-12.443905703219265
5.097209434450311,0.0692788745110673,-12.538566632438961
5.240826085323168,0.06540127550626411,-12.604284551605078
5.035079082593339,0.07104066161061774,-12.515325729709122
5.193531983013725,0.07250588987714192,-12.583663962030997
5.311280329377822,0.06775357790378539,-12.632017015588845
5.086492648724908,0.07275890977468392,-12.5439217206742
5.231148388610127,0.07376179923087059,-12.601416249877792
3.430265664979675,-4.783096847016318,-11.791738599621139
2.733923681095346,0.9592388674151984,-14.10269226160953
1.9987028000120715,0.7052030342491302,-10.297146047946175
1.2294519007650202,-3.9811419333674096,-10.464583849086912
1.1247369774278166,1.583377366175967,-13.200149849208344
0.823859534745319,1.1603648242091111,-9.644068610857943
0.37106466335057375,-3.647657892072745,-9.988465286607067
0.4981760743380238,1.8274456356599078,-12.852705848779035
0.3665747619727142,1.3384951565956318,-9.390510071291915
0.037235150278363216,-3.517328620985956,-9.803405473990294
0.2545479666094098,1.922419361413919,-12.717629744550084
-9.171210424036095,0.2160211503981082,3.1413992373736956
-37.98155524174304,1.0065618218137091,43.790431621655024
-67.58352716175061,0.3470660587065215,102.43814783163802
-69.64582015717056,-3.5206857519943036,128.01522124593322
-61.836271827270565,-0.8219291040162426,121.8502570720357
-44.29094270146129,-0.550774035567263,85.59518928413084
-32.333543708398224,-0.4024487796128949,59.63272713942639
-23.600123383979412,-0.29357068414184356,40.68308187746125
-17.224670948121666,-0.21411341046404847,26.851746614624403
-12.571355634724187,-0.15615492552617413,16.756818832092282
-9.175129270910762,-0.11388013985742118,9.389064748967684
-6.696410215348882,-0.08304595563193642,4.011750400886109
-4.887332039679879,-0.06055712025623579,0.0871502782258462
-3.5669875836977054,-0.044155640461702804,-2.777194830140332
-2.6033424433527856,-0.03219433551482716,-4.86771932733137
-1.8969149265564758,-0.02343945693067289,-11.453688741225145
-1.3840223423506397,-0.017096534146619956,-7.50027924090805
-1.0104038156051598,-0.012479762454945085,-6.376446300144083
-0.737417018117893,-0.009103624234358716,-11.221646269320221
-0.5379785652905588,-0.006637924827153048,-11.161823537832987
-0.39266734714469304,-0.004842158304233419,-9.11789453389697
-0.2866972850724282,-0.0035339981277809794,-10.19197061317541
-0.2092177486589906,-0.0025772697197588685,-11.011216969881328
-0.15267011054660956,-0.001879523426662781,-10.230472908208297
-0.11140381257999019,-0.0013700180512208635,-10.307504367160135
-0.08130724163520042,-0.0009988007593552425,-10.36367548125214
-0.05934101405955351,-0.0007280080288010228,-10.40466580932959
-0.043308767206344426,-0.0005304469530527518,-10.43458166637292
-0.031607669962897114,-0.00038631401803981396,-10.456415484574983
-0.023067691938418927,-0.00028116253259526173,-10.47235074573384
-0.016834845975614958,-0.0002044517764258665,-10.483980989718955
-0.012285847106201495,-0.00014849083666598753,-10.492469244738562
-0.008965793567458554,-0.00010766824999444648,-10.498664338909983
-0.006542677990773349,-7.78898352413352e-05,-10.503185784039937
-0.004774186869884957,-5.616837270353843e-05,-10.506485726979351
-0.0034834692027839393,-4.032455716693519e-05,-10.508894164300251
-0.0025414513633475995,-2.8768439469502936e-05,-10.510651941925566
-0.0018539297907326528,-2.0340024289104153e-05,-10.511934839775144
-0.0013521506234880419,-1.4193050911453767e-05,-10.512871149706514
-0.000985934250256291,-9.710225653436732e-06,-10.51355450473688
-0.0007186574607957233,-6.441224434801441e-06,-10.514053242349492
-0.0005235909512007028,-4.057501202388723e-06,-10.514417238246509
-0.00038122657782213327,-2.3194498706858778e-06,-10.514682893836422
-0.00027732641814679317,-1.0522812667113896e-06,-10.514876776498111
-0.00020149900988049958,-1.285180752515611e-07,-10.515018276277162
-0.0001461602543830444,5.448619298253396e-07,-10.515121544846592
-0.00010577490904046551,1.0356377050887256e-06,-10.515196910720203
-7.63031164326678e-05,1.3932847060312113e-06,-10.51525191209154
-5.479644245730923e-05,1.6538764138693144e-06,-10.515292050651782
-3.910293880566014e-05,1.84370263134075e-06,-10.515321341831127
-2.7652077128421023e-05,1.9819641658675614e-06,-10.51534271618865
-1.9297579470606273e-05,2.0826187993521013e-06,-10.515358312636934
-1.3202847777761705e-05,2.155854030775523e-06,-10.515369692199272
-8.75734957223518e-06,2.209138390926978e-06,-10.515377994181648
0.0067504226811941825,0.0011600561842341562,-10.520037708703114
0.011557239324382847,0.0014503516099422691,-10.524333590748334
0.007848565078364789,0.0019120082405788747,-10.52283549213171
0.009768572342815798,0.0025090591118754643,-10.524141586164655
-0.007054142832091876,-0.00013967386324617885,-10.511196207340117
-0.002297189047111227,0.0020506528312207164,-10.51661756683682
0.0010424996506690175,0.0035088879149052623,-10.520652890607376
0.003381541221676758,0.004427617329065261,-10.523696549312877
1.253102340386119,0.04735225247684156,-10.799099435563743
0.20735902117270344,0.15498797596177644,-11.032663798397577
0.22240451732637206,0.3821001082628469,-11.355089033879343
0.3152799919748235,0.04876438651008075,-6.316496921051402
0.4903268362858443,0.6841653156121629,-5.007426062893801
0.8718381652421652,-1.1099316580196654,-5.023840957578968
1.0057289994395273,3.9961139176621185,-9.005973244375255
0.7374881644173981,2.9211583242773473,-6.585034385825509
0.30954866643363144,-2.3699036194775687,-7.760952444225201
0.4514458983731132,2.7795559889170782,-11.224528408561419
0.3325282529473315,2.0333738544419937,-8.202311872894727
0.012566833643645858,-3.02760909438929,-8.937526930254126
0.23613028567736055,2.297899157775049,-12.084257696700398
0.17538463505694535,1.6818401712873086,-8.829776278667946
-0.10204157448746054,-3.2843601668222155,-9.395444112955936
0.15255475871686047,2.1101380515274912,-12.41848253793653
0.11439264470693766,1.544803512425502,-9.073715353179052
-0.14657799111217107,-3.3841967586061825,-9.573478798106617
0.12007963074515754,2.037055162062881,-12.548415188448988
0.09069630087403192,1.4914639493831428,-9.168554186772063
-0.16390406598096785,-3.422921872766881,-9.642694095599163
0.10746120511600077,2.0085847712383864,-12.59892543615704
0.08149228015777082,1.4706845343746107,-9.205427173105841
-0.17065377235284057,-3.437880620826186,-9.66960337161609
