Wall time,Step,Value
1694451301.478588,4,-104.0
1694451389.06763,14,-95.03234100341797
1694451395.449135,15,-100.0
1694451400.837064,18,-100.0
1694451413.447208,19,-106.32081604003906
1694451428.977377,22,-98.42899322509766
1694451444.879828,26,-101.00008392333984
1694451486.190395,27,-130.157470703125
1694451532.66217,40,-100.0
1694451557.262382,47,-100.0
1694451563.061673,48,-100.0
1694451566.321683,49,-101.0020523071289
1694451585.399382,54,-100.0
1694451600.604169,62,-100.0
1694451606.234358,63,-90.24653625488281
1694451680.742049,66,-100.0
1694451682.567169,67,-100.0
1694451739.866098,70,-100.0
1694451741.686244,71,-100.0
1694451773.575051,77,-101.0
1694451792.409786,82,-100.98722839355469
1694451805.954353,89,-100.0
1694451870.333977,99,-100.0
1694451890.642637,103,-100.0
1694451912.193907,106,-100.0
1694451914.035628,107,-100.0
1694451968.79084,116,-100.0
1694451979.866891,121,-100.0
1694451993.788323,125,-96.74884796142578
1694452007.096428,126,-99.54534149169922
1694452014.041939,128,-100.0
1694452030.129069,130,-100.0
1694452047.482741,136,-95.25493621826172
1694452052.725137,137,-100.0
1694452088.882442,144,-100.0
1694452105.037166,146,-94.36721801757812
1694452109.859449,147,-101.00003814697266
1694452123.557531,150,-104.0
1694452193.982614,157,-100.0
1694452276.092402,160,-99.24130249023438
1694452298.1789,162,-101.0005874633789
1694452313.365659,164,-100.0
1694452416.122919,171,-100.0
1694452437.616868,172,-111.6000747680664
1694452490.376074,177,-110.33132934570312
1694452617.191569,184,-98.53520965576172
1694452627.336856,185,-89.5460205078125
1694452657.826619,186,-95.80171966552734
1694452721.578893,190,-110.83000946044922
1694452742.381474,191,-103.38871765136719
1694452764.123368,192,-105.42964172363281
1694452863.052887,199,-91.6771469116211
1694452895.227073,202,-90.8330078125
1694452918.632046,203,-99.07635498046875
1694452925.456383,204,-100.0
1694452957.333261,205,-61.87001037597656
1694453025.547218,207,-85.01043701171875
1694453104.200452,211,-81.96026611328125
1694453158.549987,213,-50.885921478271484
1694453209.136573,215,-54.24475860595703
1694453279.079898,220,-84.67123413085938
1694453311.247737,221,-68.739013671875
1694453403.474254,224,-71.11705017089844
1694453525.075296,229,-94.08013153076172
1694454057.640683,244,151.7864227294922
1694454091.259969,245,154.27011108398438
1694454125.812208,246,153.9479522705078
1694454435.035746,258,-100.0
1694454449.738605,259,-81.36087036132812
1694454486.684846,260,149.38204956054688
1694454818.950557,271,163.0367431640625
1694454930.675327,274,146.9281768798828
1694454987.626426,276,-112.87675476074219
1694455046.597132,278,160.37091064453125
1694455188.28501,282,156.1921844482422
1694455288.046738,285,156.8688507080078
1694455392.492062,288,155.46961975097656
1694455451.326654,290,161.1162872314453
1694455543.791915,295,-88.82686614990234
1694455582.070136,297,158.83644104003906
1694455612.294589,298,159.3823699951172
1694455841.660871,306,-71.00281524658203
1694455922.05537,308,140.53396606445312
1694456043.423955,312,155.66416931152344
1694456179.162346,316,156.1192169189453
1694456237.371272,318,159.4396209716797
1694456267.859218,319,155.544921875
1694456356.59353,322,162.62100219726562
1694456802.698735,337,162.92056274414062
1694456830.883553,338,157.34603881835938
1694456975.03914,343,162.0799102783203
1694457030.497775,345,162.15966796875
1694457056.358797,346,160.4922332763672
1694457194.814006,352,144.40357971191406
1694457220.520955,354,-49.093475341796875
1694457273.447863,358,-44.02251052856445
1694457452.057882,364,160.32461547851562
1694457479.21665,365,160.9578857421875
1694457503.505319,366,-50.13014602661133
1694457530.860969,367,162.77439880371094
1694457781.601331,378,163.1964874267578
1694457977.977026,386,-106.57991027832031
1694458096.737251,390,157.9092254638672
1694458153.788973,392,160.79513549804688
1694458296.307119,397,160.60980224609375
1694458447.154635,402,-39.437557220458984
1694458509.71863,404,-53.63215255737305
1694458852.876415,415,159.22463989257812
1694459040.742641,421,142.3136444091797
1694459086.295936,422,146.7932586669922
1694459204.301854,426,158.75440979003906
1694459478.312597,436,162.9788818359375
1694459506.468217,437,160.66407775878906
1694459578.361938,439,160.89828491210938
1694459654.483151,443,159.10089111328125
1694459676.282673,444,-80.97100067138672
1694459733.783403,446,163.88720703125
1694459842.970658,450,159.5884246826172
1694459904.033729,452,158.13821411132812
1694460034.485453,456,159.1363983154297
1694460178.218749,461,162.40237426757812
1694460292.133892,465,158.29879760742188
1694460382.398951,468,156.5322723388672
1694460436.703065,470,161.3649139404297
1694460546.724005,474,154.4871368408203
1694460574.236381,475,162.92092895507812
1694460719.692423,480,-95.7125015258789
1694460752.837457,481,154.33319091796875
1694460888.970124,487,158.59146118164062
1694460954.464314,489,157.95742797851562
1694461105.435688,494,159.30551147460938
1694461217.028663,498,-43.63401412963867
1694461566.563629,509,162.78427124023438
1694461592.434,510,-44.6955451965332
1694461624.939391,511,154.30740356445312
1694461661.41825,512,156.16619873046875
1694461704.809262,513,143.56390380859375
1694461735.190556,514,160.4495849609375
1694461821.656306,517,164.1431884765625
1694461868.594863,518,141.30213928222656
1694461909.341894,519,145.49996948242188
1694462318.242924,533,-110.74820709228516
1694462344.529901,534,162.2587890625
1694462404.52944,536,152.51815795898438
1694462437.581746,537,158.3536376953125
1694462468.498333,538,156.32504272460938
1694462533.127882,540,158.366943359375
1694462647.522255,544,160.2651824951172
1694462711.260521,546,158.04371643066406
1694462832.127155,550,160.46067810058594
1694462894.312252,552,158.588134765625
1694463005.33998,556,154.99087524414062
1694463201.403907,562,150.4757080078125
1694463263.532169,564,-44.48419189453125
1694463379.154531,568,155.24888610839844
1694463528.352345,573,-67.23545837402344
1694463838.061518,584,-46.30671310424805
1694463865.168667,585,161.5064239501953
1694463951.128935,588,158.56553649902344
1694464002.635616,590,163.16661071777344
1694464038.324575,591,-51.15946960449219
1694464123.803158,594,163.32144165039062
1694464183.297741,596,161.880126953125
1694464392.499318,603,-86.44190216064453
1694464570.693066,608,-64.91079711914062
1694464729.894713,613,157.5521697998047
1694464739.707912,614,-93.13431549072266
1694464956.76541,622,156.99411010742188
1694464989.756286,623,152.37701416015625
1694465076.416787,626,160.77272033691406
1694465133.980625,628,161.02467346191406
1694465159.862398,629,159.90023803710938
1694465267.355453,633,155.4769744873047
1694465387.001929,637,155.32237243652344
1694465546.874809,643,161.12393188476562
1694465577.610905,644,152.5353240966797
1694465728.998012,649,163.49005126953125
1694465780.160634,651,164.20513916015625
1694465888.958958,655,161.90316772460938
1694465970.466421,658,159.78187561035156
1694466027.640168,660,160.66510009765625
1694466226.196699,667,161.4210205078125
1694466293.631459,670,156.10191345214844
1694466438.390415,675,159.25767517089844
1694466459.604896,676,-62.34162521362305
1694466568.399707,680,163.5260009765625
1694466683.670775,684,162.7731475830078
1694466933.318387,692,-62.56731414794922
1694466977.191067,694,-79.2772445678711
1694467051.652543,696,150.75709533691406
1694467080.890456,697,-67.2190170288086
1694467228.517729,702,156.96176147460938
1694467469.513681,710,160.3063201904297
1694467617.133005,715,-46.36776351928711
1694467787.262191,721,163.51461791992188
1694467841.072512,723,159.36839294433594
1694467913.111808,725,149.19293212890625
1694467938.724438,726,-46.18362808227539
1694467992.886769,728,-45.14306640625
1694468019.568591,729,163.84622192382812
1694468079.76748,731,158.67494201660156
1694468113.905494,732,155.85617065429688
1694468139.720032,733,162.29672241210938
1694468297.680611,738,-70.75381469726562
1694468471.764763,744,160.33929443359375
1694469035.240816,764,-66.86566162109375
1694469056.824956,765,-68.5255355834961
1694469220.498854,772,-69.01934051513672
1694469302.079623,775,159.97689819335938
1694469328.462103,776,161.43112182617188
1694469368.930503,778,-100.29833984375
1694469402.658498,780,162.44630432128906
1694469458.638004,782,161.4601593017578
1694469627.336619,788,158.31919860839844
1694470042.112554,804,-96.49726867675781
1694470067.608678,805,162.6659698486328
1694470121.791689,807,157.6090545654297
1694470205.122283,810,159.30047607421875
1694470427.012332,818,159.05897521972656
1694470454.674795,819,160.44847106933594
1694470712.405869,828,157.8324737548828
1694470823.044231,832,161.58340454101562
1694470853.195598,833,161.31985473632812
1694470911.59713,835,161.37405395507812
1694470940.595901,836,155.96975708007812
1694471027.443299,839,159.7446746826172
1694471055.751263,840,-61.552574157714844
1694471141.225399,843,-70.67417907714844
1694471201.31411,845,-57.833961486816406
1694471379.892619,851,-51.23638153076172
1694471558.380718,857,163.0545196533203
1694471643.330979,860,160.91217041015625
1694471677.894546,862,-101.9227294921875
1694471787.475589,866,159.4948272705078
1694471877.940179,870,161.07481384277344
1694471904.45531,871,158.8840789794922
1694472255.809176,884,155.7861328125
1694472314.384039,886,-53.78743362426758
1694472495.324388,892,158.51077270507812
1694472580.021047,895,160.7510986328125
1694472636.076529,897,161.9884033203125
1694472753.127529,901,161.69216918945312
1694472784.364475,902,-80.03166961669922
1694472929.015021,908,-76.64360809326172
1694472984.93237,910,160.7997589111328
1694473212.005107,918,161.84791564941406
1694473300.611851,921,-68.93220520019531
1694473513.987841,928,144.6553497314453
1694473569.656595,930,159.7765350341797
1694473596.604111,931,160.2698974609375
1694473621.482119,932,160.50674438476562
1694473899.961134,942,161.30116271972656
1694474077.895622,949,-58.34626770019531
1694474148.665045,952,-94.05303955078125
1694474195.37206,955,-92.7711181640625
1694474380.937612,963,-93.05516815185547
1694474825.602942,978,-47.36931610107422
1694474892.807901,979,-50.0876579284668
1694474948.82062,982,158.73666381835938
1694475046.542654,986,160.00807189941406
1694475172.068845,990,161.93475341796875
1694475239.001038,992,152.4345703125
1694475295.541862,994,157.93798828125
1694475431.640733,999,158.3979949951172
1694475516.882594,1002,160.5646514892578
1694475544.219321,1003,161.20770263671875
1694475571.247338,1004,163.775390625
1694475626.900482,1006,160.19302368164062
1694475807.369139,1013,-94.98594665527344
1694475861.576322,1015,161.49363708496094
1694476066.387376,1022,155.3389129638672
1694476177.572349,1026,163.77232360839844
1694476233.435634,1028,160.1965789794922
1694476439.723889,1035,-66.00201416015625
1694476449.218533,1036,-97.5450668334961
1694476484.856898,1037,149.39389038085938
1694476664.136556,1043,157.6068572998047
1694476723.846201,1046,162.29054260253906
1694477035.072475,1056,162.4728240966797
1694477142.519682,1060,161.10960388183594
1694477196.756751,1062,161.1155242919922
1694477425.122814,1070,-71.14673614501953
1694477456.080316,1071,-65.6268081665039
1694477527.264254,1073,-66.42058563232422
1694477628.176372,1077,-64.73323059082031
1694477705.504987,1080,-100.0
1694477914.831607,1086,-45.33325958251953
1694477943.906327,1087,154.3184356689453
1694478271.62711,1098,163.06680297851562
1694478366.743757,1102,-46.515743255615234
1694478424.965764,1104,157.74459838867188
1694478512.73766,1107,160.87847900390625
1694478573.711482,1109,161.27842712402344
1694478632.432744,1111,154.26026916503906
1694478721.498233,1114,161.0908966064453
1694478918.432096,1121,155.6542510986328
1694478945.866249,1122,162.0539093017578
1694479039.703844,1125,162.98216247558594
1694479065.383926,1126,159.62716674804688
1694479147.284605,1129,160.30091857910156
1694479226.414534,1132,165.39393615722656
1694479284.751976,1134,158.1582489013672
1694479424.587857,1139,159.61373901367188
1694479626.136174,1146,158.4936981201172
1694479741.925668,1151,-52.33546829223633
1694479770.685189,1152,159.5413818359375
1694480048.242885,1162,160.0123291015625
1694480107.473018,1164,162.80029296875
1694480386.51578,1174,160.62744140625
1694480441.34733,1176,160.77896118164062
1694480469.572305,1177,159.62063598632812
1694480575.679493,1182,158.56727600097656
1694480630.406926,1184,162.52841186523438
1694480765.223931,1189,-43.916542053222656
1694480857.669843,1193,159.80287170410156
1694480887.08091,1194,162.0265350341797
1694480955.074246,1197,-108.68370056152344
1694481187.153471,1206,162.66441345214844
1694481428.732754,1214,-56.55430221557617
1694481534.868535,1218,157.23057556152344
1694481656.666258,1223,158.40135192871094
1694481715.580834,1225,160.25128173828125
1694481788.490508,1229,-100.0
1694482194.86826,1244,161.99258422851562
1694482228.048276,1246,158.90438842773438
1694482332.677705,1250,-96.8156967163086
1694482357.751899,1251,160.42222595214844
1694482385.393383,1252,162.32850646972656
1694482440.312945,1254,162.26406860351562
1694482501.258157,1257,-42.998233795166016
1694482574.424781,1260,160.22262573242188
1694482601.978299,1261,159.77610778808594
1694482768.033314,1267,163.22732543945312
1694482881.510922,1271,159.1595458984375
1694483005.647479,1276,-84.68673706054688
1694483059.989707,1278,163.23329162597656
1694483171.119409,1282,160.84759521484375
1694483251.285685,1285,161.16046142578125
1694483390.670293,1290,163.0889434814453
1694483477.44708,1293,-51.256134033203125
1694483622.707059,1298,158.94842529296875
1694483666.696355,1299,145.22914123535156
1694483749.736442,1302,163.65838623046875
1694483863.348872,1306,160.3367156982422
1694484112.128282,1315,162.38771057128906
1694484304.642242,1322,161.4276885986328
1694484379.705062,1325,161.8602294921875
1694484407.589583,1326,163.06947326660156
1694484649.048849,1335,161.11827087402344
1694484942.79547,1345,155.89488220214844
1694485025.603625,1348,160.91357421875
1694485198.050308,1354,163.2438507080078
1694485361.418396,1360,-47.26547622680664
1694485474.073774,1364,161.64122009277344
1694485572.12187,1368,160.2375030517578
1694485755.717299,1375,161.19586181640625
1694485788.845974,1376,158.1447296142578
1694485900.459256,1380,160.47315979003906
1694486086.799359,1386,161.82467651367188
1694486184.724636,1390,162.76385498046875
1694486267.946386,1393,164.2341766357422
1694486382.282108,1397,161.11846923828125
1694486906.332154,1417,162.7587127685547
1694487016.936471,1421,160.90574645996094
1694487317.053446,1431,162.9262237548828
1694487474.368535,1436,-47.53764724731445
1694487509.723051,1438,161.5476531982422
1694487536.324147,1439,163.8936004638672
1694487554.449508,1440,-81.94031524658203
1694487581.351439,1441,161.48138427734375
1694487792.854345,1449,157.6962432861328
1694488010.062768,1457,161.69891357421875
1694488037.977787,1458,155.41751098632812
1694488087.127025,1460,162.28330993652344
1694488114.765925,1461,162.52914428710938
1694488417.058288,1473,-85.36119842529297
1694488442.245377,1474,-48.36821746826172
1694488498.731182,1476,157.1408233642578
1694488804.837608,1487,159.705810546875
1694488879.725436,1490,162.8286590576172
1694488984.736612,1494,-66.1725082397461
1694489085.866413,1498,161.56849670410156
1694489177.543025,1502,162.68128967285156
1694489364.839835,1509,162.9757537841797
1694489374.658025,1510,-99.99911499023438
1694489399.143878,1511,163.3546905517578
1694489456.900802,1513,158.6008758544922
1694489541.038921,1516,161.88470458984375
1694489883.230525,1528,162.65097045898438
1694490045.39324,1534,-55.49824905395508
1694490126.00653,1537,-47.06356430053711
1694490153.300338,1538,159.9311981201172
1694490433.266351,1548,159.23451232910156
1694490517.604465,1551,-45.938106536865234
1694490544.408005,1552,163.6470489501953
1694490815.016588,1562,159.9940643310547
1694490897.018845,1565,-42.98011016845703
1694490924.392438,1566,162.4667205810547
1694490979.729904,1568,160.53250122070312
1694491093.336794,1572,160.65980529785156
1694491125.392575,1573,155.9038543701172
1694491199.1902,1576,-43.466426849365234
1694491296.068297,1580,-47.393898010253906
1694491423.262243,1585,-53.83690643310547
1694491734.442875,1596,159.6988525390625
1694491874.870285,1601,160.52125549316406
1694491929.160458,1603,162.0474090576172
1694492139.097371,1611,-98.14901733398438
1694492618.456456,1627,162.88107299804688
1694492848.690077,1635,159.5940704345703
1694492898.737898,1637,-85.65576171875
1694492986.169284,1640,159.60018920898438
1694493160.127525,1646,151.2989044189453
1694493178.160357,1647,-77.20047760009766
1694493383.340479,1654,159.26023864746094
1694493582.993422,1662,159.12142944335938
1694493694.206824,1666,163.26377868652344
1694493810.561338,1670,156.779296875
1694493933.396188,1674,154.54078674316406
1694493992.199601,1677,-82.25361633300781
1694494046.783109,1679,160.84188842773438
1694494206.578757,1685,162.46673583984375
1694494238.584814,1686,152.591064453125
1694494267.433005,1687,157.3870391845703
1694494296.418291,1688,157.3710174560547
1694494466.733387,1694,158.40151977539062
1694494493.555462,1695,161.25970458984375
1694494695.32028,1702,158.78831481933594
1694494746.504896,1704,-41.41044998168945
1694494832.340524,1707,160.852783203125
1694494889.304307,1709,161.26890563964844
1694494921.876484,1710,158.04830932617188
1694494949.431757,1711,159.52757263183594
1694495151.865556,1718,160.21900939941406
1694495265.176038,1722,-50.63739776611328
1694495292.98166,1723,159.08767700195312
1694495355.305244,1725,161.12466430664062
1694495486.841685,1730,-75.26227569580078
1694495715.328468,1738,161.08299255371094
1694495743.534491,1739,160.1085662841797
1694495855.454952,1743,161.0089874267578
1694495933.717294,1745,152.03343200683594
1694496130.887944,1753,161.0081329345703
1694496160.507108,1754,160.8577423095703
1694496502.56804,1765,136.66168212890625
1694496774.969933,1775,-94.83621978759766
1694496831.582096,1777,161.0067596435547
1694496933.590817,1780,-61.3236083984375
1694497061.05287,1784,161.06393432617188
1694497098.618102,1785,147.46432495117188
1694497127.074271,1786,163.00083923339844
1694497220.609523,1789,160.96510314941406
1694497312.470983,1792,158.59703063964844
1694497432.710856,1796,162.61355590820312
1694497540.907963,1800,161.30397033691406
1694498130.239586,1819,156.2430877685547
1694498280.398568,1823,154.76150512695312
1694498372.993055,1827,-36.767574310302734
1694498432.409432,1830,156.54457092285156
1694498488.256739,1832,161.8932342529297
1694498599.46312,1836,157.32423400878906
1694498654.995693,1838,164.05113220214844
1694498905.34131,1847,162.6212921142578
1694498998.517215,1851,160.4318084716797
1694499239.074959,1860,157.14991760253906
1694499366.293895,1865,162.821044921875
1694499395.554331,1866,157.36094665527344
1694499422.986777,1867,160.1640625
1694499800.110035,1880,163.22662353515625
1694499867.588816,1883,-100.0
1694499973.059319,1886,34.57893753051758
1694500037.138496,1888,145.8239288330078
1694500234.478679,1895,162.97039794921875
1694500365.788819,1899,153.05581665039062
1694500449.553827,1902,158.06427001953125
1694500635.266371,1908,160.17193603515625
1694500664.82444,1909,158.77940368652344
1694500696.558494,1910,160.0500030517578
1694500785.712605,1913,158.4879913330078
1694500927.099123,1918,159.70858764648438
1694501085.499064,1924,160.2673797607422
1694501112.741605,1925,156.67245483398438
1694501366.979837,1935,164.24732971191406
1694501395.376593,1936,159.36407470703125
1694501491.879264,1940,162.0602264404297
1694501521.234557,1941,156.06703186035156
1694501633.120076,1945,161.02635192871094
1694501686.434854,1947,158.1217041015625
1694501856.241494,1953,160.5662078857422
1694501939.653647,1956,162.04855346679688
1694502031.510321,1960,-41.11003875732422
1694502061.410764,1961,161.82598876953125
1694502100.489595,1963,-92.0510482788086
1694502126.572509,1964,160.4702606201172
1694502182.921521,1966,164.08421325683594
1694502471.189882,1977,163.14865112304688
1694502531.085569,1979,162.3433837890625
1694502760.046858,1987,161.33001708984375
1694502786.141192,1988,162.13250732421875
1694502869.607616,1991,159.4059295654297
1694503672.702514,2021,-91.40333557128906
1694503807.926079,2026,162.61163330078125
1694504047.403534,2035,158.8701934814453
1694504078.997775,2036,-70.72671508789062
1694504270.735352,2043,162.13331604003906
1694504386.825545,2047,159.89950561523438
1694504577.006931,2054,159.75054931640625
1694504604.601776,2055,163.95384216308594
1694504940.301646,2067,159.63055419921875
1694505027.878678,2070,159.43043518066406
1694505285.977748,2079,164.8907928466797
1694505478.653612,2087,-91.95414733886719
1694505530.297769,2089,-61.75265121459961
1694505779.290733,2097,156.101318359375
1694505810.565175,2098,157.60440063476562
1694505869.955598,2100,-70.91835021972656
1694505965.517852,2103,149.99032592773438
1694506026.744373,2105,158.47003173828125
1694506146.557482,2109,149.04444885253906
1694506173.82085,2110,160.58404541015625
1694506286.812726,2114,161.72689819335938
1694506311.665002,2115,-50.92172622680664
1694506427.609449,2119,163.57525634765625
1694506455.600035,2120,158.6873016357422
1694506521.424509,2123,-101.0
1694506546.68584,2124,158.3431396484375
1694506632.714478,2127,165.4112548828125
1694506877.079645,2136,160.93212890625
1694506973.211237,2139,157.4723663330078
1694507279.008533,2149,-44.69624328613281
1694507565.970223,2159,157.2551727294922
1694507660.738583,2162,157.0897979736328
1694507855.159398,2169,159.64077758789062
1694508060.119494,2176,158.55874633789062
1694508391.60084,2187,159.55465698242188
1694508450.117548,2189,161.2986602783203
1694508602.848604,2194,149.68572998046875
1694508744.596647,2199,159.75013732910156
1694508798.915321,2201,-56.22715377807617
1694508851.439043,2203,159.84088134765625
1694509027.2523,2209,162.1208038330078
1694509087.112422,2211,154.09254455566406
1694509176.697246,2214,159.6985321044922
1694509208.773868,2215,160.370849609375
1694509394.570812,2221,144.8126220703125
1694509512.317098,2225,157.8375701904297
1694509818.140079,2236,158.31385803222656
1694509900.309098,2239,159.73419189453125
1694510044.398759,2244,-59.05936050415039
1694510413.587191,2257,160.01754760742188
1694510624.343355,2264,159.51998901367188
1694510712.361061,2267,159.58050537109375
1694511094.658745,2281,-51.88327407836914
1694511406.545265,2292,159.2623291015625
1694511643.360766,2300,161.4528045654297
1694511785.249552,2305,157.7467041015625
1694511814.470775,2306,159.48211669921875
1694511940.747402,2311,-54.58329391479492
1694512031.808733,2316,161.6898193359375
1694512122.363345,2319,151.8001708984375
1694512263.55291,2324,158.05230712890625
1694512489.36861,2332,153.42596435546875
1694512536.04012,2335,-91.08294677734375
1694512745.122825,2342,159.22230529785156
1694512775.643831,2343,158.43826293945312
1694512801.278417,2344,160.97486877441406
1694512860.813922,2346,159.36944580078125
1694513026.649339,2352,161.2791290283203
1694513171.73301,2357,155.59963989257812
1694513230.374959,2359,156.95372009277344
1694513588.312681,2373,153.37586975097656
1694513896.46143,2384,159.73289489746094
1694514025.158297,2389,160.63604736328125
1694514077.46522,2391,161.2222900390625
1694514124.570257,2393,152.21194458007812
1694514153.03318,2394,-42.60905456542969
1694514250.998854,2397,157.71145629882812
1694514278.028033,2398,162.6800079345703
1694515112.034932,2428,155.32261657714844
1694515182.091032,2431,162.87210083007812
1694515290.830647,2435,161.89089965820312
1694515318.398804,2436,163.45355224609375
1694515454.645634,2441,162.74351501464844
1694515481.574614,2442,162.78785705566406
1694515802.003,2454,-51.145755767822266
1694516001.716541,2462,-49.1242561340332
1694516070.102409,2464,158.70697021484375
1694516109.03629,2465,154.48092651367188
1694516219.897159,2469,-41.96613693237305
1694516335.859173,2473,160.05963134765625
1694516462.543998,2477,159.17942810058594
1694516672.921951,2485,162.35357666015625
1694516792.644344,2489,159.28370666503906
1694516904.982703,2493,158.94532775878906
1694517061.013966,2498,-41.95649337768555
1694517132.497273,2500,147.7281036376953
1694517200.110577,2503,-102.34776306152344
1694517263.519114,2505,163.4741973876953
1694517291.822135,2506,158.39390563964844
1694517352.838075,2508,157.3672332763672
1694517502.933428,2513,162.8155517578125
1694517610.797143,2517,156.62811279296875
1694517638.977456,2518,158.0768585205078
1694517667.12021,2519,-50.04055404663086
1694517742.932875,2521,-49.60482406616211
1694517805.860044,2523,153.8212127685547
1694517977.660317,2528,-48.88422393798828
1694518058.490239,2530,28.041078567504883
1694518253.288749,2538,155.3810577392578
1694518413.655186,2543,-66.01392364501953
1694519083.163047,2565,156.93936157226562
1694519114.729439,2566,156.6703643798828
1694519170.727971,2568,162.9674835205078
1694519339.464143,2575,-89.41180419921875
1694519391.837487,2577,161.88148498535156
1694519419.206705,2578,160.7405242919922
1694519557.728875,2583,159.7241973876953
1694519588.915195,2584,161.13894653320312
1694519614.764566,2585,-41.30747604370117
1694519696.282034,2588,160.31442260742188
1694519726.774538,2589,161.41262817382812
1694519806.31099,2592,160.7496337890625
1694520012.061584,2599,153.6993408203125
1694520083.658538,2601,145.88583374023438
1694520248.586925,2606,163.06898498535156
1694520584.672655,2617,153.38449096679688
1694520636.342667,2618,137.57452392578125
1694520673.172518,2619,151.40628051757812
1694520911.067397,2627,156.97666931152344
1694520940.882792,2628,160.09835815429688
1694521065.52035,2633,161.2455291748047
1694521104.582317,2634,145.88243103027344
1694521135.96402,2635,-39.520606994628906
1694521165.664679,2636,160.3993682861328
1694521232.787478,2638,153.6103973388672
1694521261.053551,2639,157.63922119140625
1694521295.122478,2640,160.38888549804688
1694521380.836065,2643,161.39846801757812
1694521863.960575,2660,155.29339599609375
1694521924.58453,2662,157.72640991210938
1694522161.041986,2670,159.62289428710938
1694522189.782617,2671,162.7313690185547
1694522220.526696,2672,158.4237060546875
1694522277.163387,2674,-47.22818374633789
1694522475.340868,2681,163.32656860351562
1694522563.28574,2684,157.69546508789062
1694522620.248879,2686,159.998779296875
1694522705.922072,2689,163.274658203125
1694522768.964248,2691,162.50387573242188
1694522818.383265,2693,-94.759033203125
1694523087.657504,2702,158.18515014648438
1694523208.043937,2706,159.48228454589844
1694523277.026011,2708,157.73805236816406
1694523391.330629,2712,160.68893432617188
1694523421.3257,2713,-60.86659240722656
1694523540.132893,2717,161.5835723876953
1694523570.648466,2718,157.0338592529297
1694523592.27542,2719,-106.31817626953125
1694523725.634044,2724,-85.9381332397461
1694523870.969481,2729,161.06964111328125
1694523899.516728,2730,157.76165771484375
1694523997.172181,2734,159.72564697265625
1694524138.882914,2739,161.15628051757812
1694524166.033841,2740,155.7406768798828
1694524194.917895,2741,159.81942749023438
1694524270.508576,2744,158.9635467529297
1694524297.194997,2745,157.8884735107422
1694524533.096088,2753,157.6885223388672
1694524560.345586,2754,163.43910217285156
1694524585.890648,2755,156.7085418701172
1694524733.995707,2760,155.9754180908203
1694524763.008312,2761,163.91860961914062
1694524879.105972,2765,156.17042541503906
1694524964.418234,2768,161.0689239501953
1694525053.768796,2771,163.91517639160156
1694525115.976302,2773,154.44903564453125
1694525179.272633,2775,161.1399383544922
1694525263.51021,2778,-104.44446563720703
1694525284.905949,2779,160.01327514648438
1694525438.711589,2785,163.5701904296875
1694525767.200808,2797,158.39437866210938
1694525820.500901,2799,157.96310424804688
1694526194.050895,2812,159.35183715820312
1694526221.640101,2813,162.67669677734375
1694526541.413143,2824,-92.41350555419922
1694526573.901969,2825,-52.91508865356445
1694526843.508755,2834,156.6948699951172
1694526909.247401,2836,-53.80642318725586
1694526964.537085,2838,150.36427307128906
1694527057.095492,2841,-44.27159881591797
1694527139.519247,2844,159.29119873046875
1694527204.007947,2847,161.5536651611328
1694527318.52616,2851,160.03411865234375
1694527347.070493,2852,161.84457397460938
1694527478.116836,2857,159.70977783203125
1694527535.707921,2859,161.25881958007812
1694527596.445036,2861,160.8941650390625
1694527624.364698,2862,157.54116821289062
1694527747.334448,2866,162.9441680908203
1694528099.443127,2879,-79.86927032470703
1694528152.684555,2881,163.26522827148438
1694528180.27305,2882,159.1610870361328
1694528238.066086,2884,160.629638671875
1694528381.851438,2889,160.34629821777344
1694528436.930037,2891,161.47540283203125
1694528506.042465,2893,151.2236785888672
1694528569.014419,2895,156.508544921875
1694528792.762734,2903,154.71177673339844
1694529047.471842,2911,157.983642578125
1694529133.987476,2914,159.8627471923828
1694529161.572334,2915,160.99847412109375
1694529275.163838,2918,161.122314453125
1694529329.966684,2920,158.874267578125
1694529357.638977,2921,156.6194305419922
1694529446.677707,2924,160.7838134765625
1694529615.482186,2930,156.16783142089844
1694529726.975076,2934,160.07205200195312
1694529755.013818,2935,159.8722686767578
1694530107.809373,2949,-97.19318389892578
1694530189.811512,2952,159.3180694580078
1694530272.252845,2955,160.908447265625
1694530362.479728,2958,161.36981201171875
1694530476.820334,2962,159.76873779296875
1694530563.745906,2965,160.9864959716797
1694530591.014877,2966,158.678466796875
1694530615.483739,2967,158.49331665039062
1694530783.99094,2973,160.8839569091797
1694530936.946882,2978,163.35890197753906
1694530972.19621,2979,151.55043029785156
1694531124.425947,2984,161.96817016601562
1694531177.826283,2986,160.29412841796875
1694531373.246613,2993,-45.0091667175293
1694531455.248565,2996,161.54080200195312
1694531519.514054,2998,154.30130004882812
1694531552.350826,2999,153.4438018798828
1694531583.54926,3001,161.46664428710938
1694531625.614322,3002,-61.98007583618164
1694531679.777387,3004,-49.69980239868164
1694531900.10724,3010,19.600173950195312
1694532145.052012,3018,-100.98763275146484
1694532174.607087,3019,155.7532501220703
1694532324.99618,3024,159.6166534423828
1694532492.250951,3029,149.67152404785156
1694532650.431499,3034,154.04612731933594
1694533090.966617,3047,151.24867248535156
1694533128.532308,3048,154.4333038330078
1694533159.444604,3049,155.79702758789062
1694533455.151375,3059,156.8014373779297
1694533673.472602,3066,153.0255126953125
1694533767.137814,3069,157.86837768554688
1694533917.813696,3074,161.00131225585938
1694534200.98641,3083,152.80165100097656
1694534244.128271,3084,142.2054901123047
1694534273.862315,3085,163.1111297607422
1694534428.156901,3090,161.9105987548828
1694534624.043978,3096,157.383056640625
1694534710.161475,3099,161.58583068847656
1694534831.573562,3103,162.60208129882812
1694534862.541196,3104,154.07716369628906
1694534889.763936,3105,163.52151489257812
1694534946.715994,3107,157.15403747558594
1694535060.682178,3111,162.79031372070312
1694535146.540892,3114,150.74859619140625
1694535174.964777,3115,162.24139404296875
1694535285.384294,3119,162.67819213867188
1694535311.45145,3120,-49.350433349609375
1694535327.63136,3121,-87.98907470703125
1694535466.200359,3126,-65.56739044189453
1694535508.924964,3128,-67.34732818603516
1694535828.802974,3138,160.859619140625
1694535856.163859,3139,161.91189575195312
1694536033.776207,3145,161.77908325195312
1694536178.343548,3150,158.6087646484375
1694536241.976634,3152,157.47535705566406
1694536323.596376,3155,159.63453674316406
1694536663.560191,3167,158.73704528808594
1694536750.062177,3170,-62.396114349365234
1694536838.903421,3173,159.61492919921875
1694537001.27485,3178,157.48178100585938
1694537059.400833,3181,-101.85612487792969
1694537243.225918,3187,155.7897491455078
1694537339.341918,3190,162.286376953125
1694537397.902682,3192,163.06500244140625
1694537526.777482,3197,-85.11227416992188
1694537583.956293,3199,159.03057861328125
1694537685.752635,3203,-99.55337524414062
1694537713.159247,3204,160.6304931640625
1694537925.77691,3212,162.47265625
1694538023.450237,3216,160.40675354003906
1694538051.663068,3217,162.1395721435547
1694538142.241213,3220,160.86708068847656
1694538197.407529,3222,154.85153198242188
1694538377.369925,3229,157.04591369628906
1694538480.336129,3233,155.48138427734375
1694538600.850119,3237,162.43724060058594
1694538713.811655,3241,160.3031463623047
1694538769.689625,3243,160.6495361328125
1694538927.686677,3249,146.82675170898438
1694539296.635218,3261,-73.97908020019531
1694539355.070094,3263,161.34043884277344
1694539412.118992,3265,155.85426330566406
1694539503.341697,3268,159.19796752929688
1694539597.143903,3271,156.81678771972656
1694539679.113275,3274,161.59552001953125
1694539706.810805,3275,157.6627960205078
1694539868.484802,3280,157.4301300048828
1694540105.059267,3288,163.91197204589844
1694540277.490272,3294,162.40406799316406
1694540366.903793,3297,160.3575439453125
1694540394.872706,3298,162.88873291015625
1694540624.617365,3306,159.99000549316406
1694540831.928236,3314,156.96661376953125
1694541094.862955,3323,155.22776794433594
1694541190.61988,3327,-45.08857345581055
1694541392.469951,3334,163.4354248046875
1694541581.6901,3340,-41.751155853271484
1694541733.792659,3345,159.63739013671875
1694541940.577956,3353,-61.860660552978516
1694541982.194136,3355,161.7582244873047
1694542008.3119,3356,-42.771488189697266
1694542146.798201,3362,159.70838928222656
1694542203.49225,3364,157.1994171142578
1694542231.448145,3365,-38.39897918701172
1694542260.299536,3366,156.901123046875
1694542352.881683,3370,-46.474220275878906
1694542379.960775,3371,-55.03606414794922
1694542408.312417,3372,162.64877319335938
1694542464.974007,3374,163.23150634765625
1694542542.62668,3377,159.78623962402344
1694542602.092149,3379,159.96900939941406
1694542745.370695,3384,162.99435424804688
1694542772.756306,3385,166.75787353515625
1694542857.859033,3388,160.20040893554688
1694543003.236809,3393,151.954345703125
1694543031.73383,3394,162.399658203125
1694543112.314655,3397,-46.62886428833008
1694543247.13523,3402,162.7851104736328
1694543301.304347,3404,159.66006469726562
1694543381.186569,3407,-49.31273651123047
1694543409.584871,3408,161.1340789794922
1694543435.374711,3409,160.01026916503906
1694543527.493896,3412,160.2018585205078
1694543706.888987,3418,-56.19020462036133
1694543818.600288,3422,162.75721740722656
1694543941.083195,3426,160.97804260253906
1694544150.979653,3433,-53.49458694458008
1694544180.155597,3434,158.4871063232422
1694544234.313817,3436,162.4973602294922
1694544314.209395,3439,161.3700714111328
1694544467.02097,3444,161.3098602294922
1694544737.652663,3454,-96.12686920166016
1694544762.604594,3455,162.64938354492188
1694544882.0423,3459,160.6660919189453
1694544942.147766,3461,155.27020263671875
1694545150.535181,3468,162.02455139160156
1694545211.286026,3470,154.2413787841797
1694545271.079383,3472,-55.170772552490234
1694545363.847253,3475,162.97740173339844
1694545505.228448,3480,-87.08390808105469
1694545533.009105,3481,158.33961486816406
1694545559.927837,3482,-59.198604583740234
1694545586.540471,3483,159.68539428710938
1694545613.770006,3484,164.60345458984375
1694545640.418799,3485,162.7127227783203
1694545760.412692,3489,156.60604858398438
1694545820.644577,3491,156.810791015625
1694545876.530298,3493,162.8386688232422
1694545960.745255,3496,164.1704559326172
1694546046.063168,3499,159.67230224609375
1694546073.524864,3500,161.2408905029297
1694546168.833583,3503,159.16510009765625
1694546465.943915,3514,-95.26525115966797
1694546586.908736,3519,158.1991424560547
1694546612.833065,3520,161.67787170410156
1694546782.017054,3526,162.0955047607422
1694546918.187404,3531,-50.88233947753906
1694547025.091734,3535,155.91464233398438
1694547050.225876,3536,-46.093414306640625
1694547198.327974,3541,157.81137084960938
1694547279.907413,3544,162.11412048339844
1694547461.51943,3550,151.4315948486328
1694547577.721918,3554,158.087890625
1694547682.206741,3558,163.16448974609375
1694547746.592709,3560,160.5736846923828
1694547936.338763,3566,160.8046417236328
1694548015.93967,3569,159.4905242919922
1694548131.458857,3573,156.76266479492188
1694548193.635878,3575,-48.11470031738281
1694548222.674575,3576,161.93080139160156
1694548307.272075,3579,161.327392578125
1694548344.632957,3580,150.76832580566406
1694548460.378281,3584,155.44386291503906
1694548548.327605,3587,162.32249450683594
1694548583.895792,3588,147.9518585205078
1694548612.92607,3589,158.07546997070312
1694548680.368999,3591,162.70843505859375
1694548941.350049,3600,158.87661743164062
1694549178.487402,3608,163.08770751953125
1694549326.183406,3613,155.05105590820312
1694549354.003034,3614,162.94000244140625
1694549382.662141,3615,159.0291290283203
1694549407.814375,3616,-56.958030700683594
1694549500.217005,3619,159.01849365234375
1694549622.096739,3623,162.15664672851562
1694549836.514569,3630,159.11636352539062
1694550098.895279,3639,153.67117309570312
1694550188.779883,3642,160.0049285888672
1694550550.95371,3654,158.9789581298828
1694550643.588927,3657,150.44418334960938
1694550707.967289,3659,162.84228515625
1694550761.91996,3661,160.07603454589844
1694550848.613702,3664,156.78375244140625
1694550895.939349,3666,158.8785858154297
1694550933.72052,3668,155.79225158691406
1694550994.275492,3670,159.64247131347656
1694551022.611013,3671,160.99014282226562
1694551050.507611,3672,160.9757080078125
1694551377.524456,3684,161.0970916748047
1694551553.383109,3690,154.73428344726562
1694551795.673479,3699,-73.05308532714844
1694551823.161034,3700,162.05923461914062
1694552023.788801,3707,159.1702880859375
1694552133.723444,3711,158.13450622558594
1694552160.672835,3712,158.9720001220703
1694552304.603109,3717,162.22874450683594
1694552331.938604,3718,160.9023895263672
1694552420.885849,3721,159.38868713378906
1694552630.14332,3729,-54.7799186706543
1694552716.864008,3732,149.45947265625
1694552748.068034,3733,158.87901306152344
1694552968.950762,3742,159.9186248779297
1694553050.343682,3745,159.76388549804688
1694553080.196897,3746,158.33250427246094
1694553129.182298,3748,-48.292747497558594
1694553155.554878,3749,159.30624389648438
1694553239.31212,3752,162.9433135986328
1694553267.097957,3753,163.4613800048828
1694553288.856215,3754,-80.13594055175781
1694553504.119617,3761,160.65940856933594
1694553557.471848,3763,158.88279724121094
1694553620.963079,3765,159.6681671142578
1694553939.313973,3777,161.91256713867188
1694554026.855254,3780,159.68601989746094
1694554063.512867,3781,-65.33243560791016
1694554095.335493,3782,158.5144500732422
1694554125.389004,3783,157.49124145507812
1694554250.942861,3787,-44.09600067138672
1694554318.709056,3790,-100.0
1694554761.297838,3805,150.64984130859375
1694554787.573004,3806,160.80276489257812
1694554814.355627,3807,162.87730407714844
1694554984.045042,3813,164.4464874267578
1694555040.395261,3815,160.78872680664062
1694555130.573885,3819,-100.0
1694555240.821267,3823,160.23464965820312
1694555271.689063,3824,160.24253845214844
1694555393.921516,3829,162.02236938476562
1694555650.360568,3839,159.6549835205078
1694555892.612765,3848,157.8243408203125
1694555948.426498,3850,-46.89674758911133
1694555980.573007,3851,154.4522705078125
1694556005.940878,3852,-46.500972747802734
1694556093.168893,3855,159.54685974121094
1694556138.637219,3857,-94.0580825805664
1694556217.533966,3860,-66.5899658203125
1694556468.828449,3869,158.02496337890625
1694556544.394283,3872,-58.466209411621094
1694556629.690319,3875,162.07273864746094
1694556931.018369,3885,152.76010131835938
1694557236.6368,3897,158.60540771484375
1694557383.127431,3902,160.03480529785156
1694557552.889986,3908,161.93215942382812
1694557579.92746,3909,160.40252685546875
1694557638.814451,3911,157.69970703125
1694557752.207007,3915,162.15943908691406
1694557934.829396,3921,162.09375
1694558028.48481,3924,-61.020565032958984
1694558065.173294,3926,-91.19718170166016
1694558129.815861,3928,161.8039093017578
1694558213.335347,3931,156.5094451904297
1694558272.168737,3933,-51.27204132080078
1694558305.558215,3934,154.43601989746094
1694558380.786006,3936,157.82020568847656
1694558471.454428,3939,165.5326690673828
1694558900.555016,3953,161.70394897460938
1694558930.008433,3954,156.12660217285156
1694559011.635571,3957,159.8876190185547
1694559174.392326,3963,-59.4517707824707
1694559230.270684,3965,160.11602783203125
1694559256.665569,3966,162.20291137695312
1694559496.364511,3975,157.02166748046875
1694559527.264553,3976,155.8888397216797
1694559659.423045,3981,159.3780517578125
1694559685.061926,3982,-57.345176696777344
1694559717.520875,3983,152.6576385498047
1694559794.161657,3986,160.28843688964844
1694559822.670939,3987,-51.224735260009766
1694559945.99476,3992,-63.80083084106445
1694560091.964746,3997,159.48220825195312
1694560162.071595,3999,154.3336639404297
